id;branche;geltungsbereich;persoenlich;ausbildungsjahr;entgelt;ab;hinweise
273;;;;;;1970-01-01;
276;;;;;;1970-01-01;
279;;;;;;1970-01-01;
282;;;;;;1970-01-01;
285;;;;;;1970-01-01;
288;;;;;;1970-01-01;
1584;;;;;;1970-01-01;
1587;;;;;;1970-01-01;
1590;;;;;;1970-01-01;
1593;;;;;;1970-01-01;
1596;;;;;;1970-01-01;
1599;;;;;;1970-01-01;
1602;;;;;;1970-01-01;
1605;;;;;;1970-01-01;
1608;;;;;;1970-01-01;
1611;;;;;;1970-01-01;
1614;;;;;;1970-01-01;
1617;;;;;;1970-01-01;
597;;;;;;1970-01-01;
600;;;;;;1970-01-01;
603;;;;;;1970-01-01;
1380;;;;;;1970-01-01;
615;;;;;;1970-01-01;
1383;;;;;;1970-01-01;
618;;;;;;1970-01-01;
1386;;;;;;1970-01-01;
126;;;;;;1970-01-01;
129;;;;;;1970-01-01;
132;;;;;;1970-01-01;
645;;;;;;1970-01-01;
135;;;;;;1970-01-01;
648;;;;;;1970-01-01;
651;;;;;;1970-01-01;
654;;;;;;1970-01-01;
657;;;;;;1970-01-01;
660;;;;;;1970-01-01;
1185;;;;;;1970-01-01;
1188;;;;;;1970-01-01;
1191;;;;;;1970-01-01;
1194;;;;;;1970-01-01;
171;;;;;;1970-01-01;
1197;;;;;;1970-01-01;
174;;;;;;1970-01-01;
1200;;;;;;1970-01-01;
177;;;;;;1970-01-01;
1203;;;;;;1970-01-01;
180;;;;;;1970-01-01;
1206;;;;;;1970-01-01;
468;;;;;;1970-01-01;
471;;;;;;1970-01-01;
474;;;;;;1970-01-01;
477;;;;;;1970-01-01;
231;;;;;;1970-01-01;
234;;;;;;1970-01-01;
237;;;;;;1970-01-01;
3;"Abbruch- und Abwrackgewerbe
s. auch Schrott- u. Industrieabbruchbetriebe";deutschlandweit;"alle Auszubildenden";1.;561.84;2014-04-01;
6;"Abbruch- und Abwrackgewerbe
s. auch Schrott- u. Industrieabbruchbetriebe";deutschlandweit;"alle Auszubildenden";2.;666.8;2014-04-01;
9;"Abbruch- und Abwrackgewerbe
s. auch Schrott- u. Industrieabbruchbetriebe";deutschlandweit;"alle Auszubildenden";3.;861.26;2014-04-01;
12;Apothekenmitarbeiter/innen;deutschlandweit;"pharmazeut.-kaufmänn. Angestellte";1.;732;2021-01-01;
15;Apothekenmitarbeiter/innen;deutschlandweit;"pharmazeut.-kaufmänn. Angestellte";2.;786;2021-01-01;
18;Apothekenmitarbeiter/innen;deutschlandweit;"pharmazeut.-kaufmänn. Angestellte";3.;840;2021-01-01;
21;"Architektur-, Ingenieur- und Planungsbüros";deutschlandweit;"alle Auszubildenden";1.;653;2021-02-01;"Abschluss des Arbeitgeberverbandes selbstständiger Ingenieure und Architekten (ASIA)"
24;"Architektur-, Ingenieur- und Planungsbüros";deutschlandweit;"alle Auszubildenden";2.;818;2021-02-01;"Abschluss des Arbeitgeberverbandes selbstständiger Ingenieure und Architekten (ASIA)"
27;"Architektur-, Ingenieur- und Planungsbüros";deutschlandweit;"alle Auszubildenden";3.;982;2021-02-01;"Abschluss des Arbeitgeberverbandes selbstständiger Ingenieure und Architekten (ASIA)"
39;"Bäckerhandwerk, in Brandenburg auch Konditorenhandwerk";deutschlandweit;"alle Auszubildenden";1.;680;2022-02-01;"in Brandenburg auch für das Konditorenhandwerk"
42;"Bäckerhandwerk, in Brandenburg auch Konditorenhandwerk";deutschlandweit;"alle Auszubildenden";2.;755;2022-02-01;"in Brandenburg auch für das Konditorenhandwerk"
45;"Bäckerhandwerk, in Brandenburg auch Konditorenhandwerk";deutschlandweit;"alle Auszubildenden";3.;885;2022-02-01;"in Brandenburg auch für das Konditorenhandwerk"
48;"Bankgewerbe, privates";deutschlandweit;"alle Auszubildenden";1.;1036;2019-09-01;"z. T. auch öffentliches"
51;"Bankgewerbe, privates";deutschlandweit;"alle Auszubildenden";2.;1098;2019-09-01;"z. T. auch öffentliches"
54;"Bankgewerbe, privates";deutschlandweit;"alle Auszubildenden";3.;1160;2019-09-01;"z. T. auch öffentliches"
57;Baugewerbe;Berlin;"gewerblich Auszubildende";1.;838;2021-01-01;
60;Baugewerbe;Berlin;"gewerblich Auszubildende";2.;1102;2021-01-01;
63;Baugewerbe;Berlin;"gewerblich Auszubildende";3.;1336;2021-01-01;
66;Baugewerbe;Berlin;"gewerblich Auszubildende";4.;1406;2021-01-01;
69;Baugewerbe;Berlin;"kaufmännisch/ technisch Auszubildende";1.;832;2021-01-01;
72;Baugewerbe;Berlin;"kaufmännisch/ technisch Auszubildende";2.;996;2021-01-01;
75;Baugewerbe;Berlin;"kaufmännisch/ technisch Auszubildende";3.;1238;2021-01-01;
78;Baugewerbe;Brandenburg;"gewerblich Auszubildende";1.;830;2021-11-01;
81;Baugewerbe;Brandenburg;"gewerblich Auszubildende";2.;1030;2021-11-01;
84;Baugewerbe;Brandenburg;"gewerblich Auszubildende";3.;1240;2021-11-01;
87;Baugewerbe;Brandenburg;"gewerblich Auszubildende";4.;1300;2021-11-01;
90;Baugewerbe;Brandenburg;"kaufmännisch/ technisch Auszubildende";1.;823;2021-11-01;
93;Baugewerbe;Brandenburg;"kaufmännisch/ technisch Auszubildende";2.;935;2021-11-01;
96;Baugewerbe;Brandenburg;"kaufmännisch/ technisch Auszubildende";3.;1154;2021-11-01;
99;Bekleidungsindustrie;Berlin-West;"alle Auszubildenden";1.;838;2020-09-01;
102;Bekleidungsindustrie;Berlin-West;"alle Auszubildenden";2.;889;2020-09-01;
105;Bekleidungsindustrie;Berlin-West;"alle Auszubildenden";3.;940;2020-09-01;
108;Bekleidungslohngewerbe;deutschlandweit;"gewerblich Auszubildende";1.;736;2021-11-01;
111;Bekleidungslohngewerbe;deutschlandweit;"gewerblich Auszubildende";2.;826;2021-11-01;
114;Bekleidungslohngewerbe;deutschlandweit;"gewerblich Auszubildende";3.;951;2021-11-01;
117;Bekleidungslohngewerbe;"alte Bundesländer einschließlich Berlin-West (ohne Unterfranken)";"kaufmännisch/ technisch Auszubildende";1.;736;2021-01-01;
120;Bekleidungslohngewerbe;"alte Bundesländer einschließlich Berlin-West (ohne Unterfranken)";"kaufmännisch/ technisch Auszubildende";2.;808;2021-11-01;
123;Bekleidungslohngewerbe;"alte Bundesländer einschließlich Berlin-West (ohne Unterfranken)";"kaufmännisch/ technisch Auszubildende";3.;951;2021-11-01;
138;Betonsteingewerbe;Berlin;"alle Auszubildenden";1.;748;2021-07-01;"Beton- und Fertigteilindustrie"
141;Betonsteingewerbe;Berlin;"alle Auszubildenden";2.;799;2021-07-01;"Beton- und Fertigteilindustrie"
144;Betonsteingewerbe;Berlin;"alle Auszubildenden";3.;913;2021-07-01;"Beton- und Fertigteilindustrie"
147;Betonsteingewerbe;Berlin;"alle Auszubildenden";4.;994;2021-07-01;"Beton- und Fertigteilindustrie"
150;Betonsteingewerbe;Brandenburg;"alle Auszubildenden";1.;709;2021-07-01;"Beton- und Fertigteilindustrie"
153;Betonsteingewerbe;Brandenburg;"alle Auszubildenden";2.;788;2021-07-01;"Beton- und Fertigteilindustrie"
156;Betonsteingewerbe;Brandenburg;"alle Auszubildenden";3.;913;2021-07-01;"Beton- und Fertigteilindustrie"
159;Betonsteingewerbe;Brandenburg;"alle Auszubildenden";4.;994;2021-07-01;"Beton- und Fertigteilindustrie"
162;Binnenschifffahrt;deutschlandweit;"Monatsgrundvergütung für Auszubildenden (Schiffsjungen)";1.;936.22;2015-07-01;"Güterschifffahrt und ständige Fahrt (Continuefahrt)"
165;Binnenschifffahrt;deutschlandweit;"Monatsgrundvergütung für Auszubildenden (Schiffsjungen)";2.;1071.28;2015-07-01;"Güterschifffahrt und ständige Fahrt (Continuefahrt)"
168;Binnenschifffahrt;deutschlandweit;"Monatsgrundvergütung für Auszubildenden (Schiffsjungen)";3.;1208.84;2015-07-01;"Güterschifffahrt und ständige Fahrt (Continuefahrt)"
183;"Brot- und Backwarenindustrie";"neue Bundesländer und Berlin";"alle Auszubildenden";1.;858;2021-01-01;
186;"Brot- und Backwarenindustrie";"neue Bundesländer und Berlin";"alle Auszubildenden";2.;941;2021-01-01;
189;"Brot- und Backwarenindustrie";"neue Bundesländer und Berlin";"alle Auszubildenden";3.;1067;2021-01-01;
192;Buchbindehandwerk;deutschlandweit;"gewerblich Auszubildende unter 18 Jahren";1.;366;2003-05-01;
195;Buchbindehandwerk;deutschlandweit;"gewerblich Auszubildende unter 18 Jahren";2.;406;2003-05-01;
198;Buchbindehandwerk;deutschlandweit;"gewerblich Auszubildende unter 18 Jahren";3.;446;2003-05-01;
201;Buchbindehandwerk;deutschlandweit;"gewerblich Auszubildende ab 18 Jahren";1.;406;2003-05-01;
204;Buchbindehandwerk;deutschlandweit;"gewerblich Auszubildende ab 18 Jahren";2.;456;2003-05-01;
207;Buchbindehandwerk;deutschlandweit;"gewerblich Auszubildende ab 18 Jahren";3.;506;2003-05-01;
210;"Buchbindereien, industrielle";Berlin-West;"alle Auszubildenden (nach 3. Jahr nur für gewerblich Auszubildende)";1.;881.97;2014-05-01;
213;"Buchbindereien, industrielle";Berlin-West;"alle Auszubildenden (nach 3. Jahr nur für gewerblich Auszubildende)";2.;933.1;2014-05-01;
216;"Buchbindereien, industrielle";Berlin-West;"alle Auszubildenden (nach 3. Jahr nur für gewerblich Auszubildende)";3.;984.23;2014-05-01;
219;"Buchbindereien, industrielle";"Berlin-Ost und Brandenburg";"alle Auszubildenden (nach 3. Jahr nur für gewerblich Auszubildende)";;1035.36;2014-05-01;"keine tarifvertraglichen Regelungen"
222;"Buchhandel, herstellender";Berlin;"alle Auszubildenden";1.;752;2020-02-01;
225;"Buchhandel, herstellender";Berlin;"alle Auszubildenden";2.;812;2020-02-01;
228;"Buchhandel, herstellender";Berlin;"alle Auszubildenden";3.;870;2020-02-01;
258;"Chemische Industrie";"Berlin-Ost und Brandenburg";"alle Auszubildenden";3.;1122;2021-07-01;"Abschluss des Arbeitgeberverbandes Nordostchemie e.V."
261;"Chemische Industrie";"Berlin-Ost und Brandenburg";"alle Auszubildenden";4.;1179;2021-07-01;"Abschluss des Arbeitgeberverbandes Nordostchemie e.V."
240;"Chemische Industrie";Berlin-West;"alle Auszubildenden";1.;1055;2021-07-01;"Abschluss des Arbeitgeberverbandes Nordostchemie e.V."
243;"Chemische Industrie";Berlin-West;"alle Auszubildenden";2.;1109;2021-07-01;"Abschluss des Arbeitgeberverbandes Nordostchemie e.V."
246;"Chemische Industrie";Berlin-West;"alle Auszubildenden";3.;1136;2021-07-01;"Abschluss des Arbeitgeberverbandes Nordostchemie e.V."
249;"Chemische Industrie";Berlin-West;"alle Auszubildenden";4.;1191;2021-07-01;"Abschluss des Arbeitgeberverbandes Nordostchemie e.V."
252;"Chemische Industrie";"Berlin-Ost und Brandenburg";"alle Auszubildenden";1.;1046;2021-07-01;"Abschluss des Arbeitgeberverbandes Nordostchemie e.V."
255;"Chemische Industrie";"Berlin-Ost und Brandenburg";"alle Auszubildenden";2.;1100;2021-07-01;"Abschluss des Arbeitgeberverbandes Nordostchemie e.V."
264;Dachdeckerhandwerk;deutschlandweit;"auszubildende Dachdecker";1.;780;2021-01-01;
267;Dachdeckerhandwerk;deutschlandweit;"auszubildende Dachdecker";2.;940;2021-01-01;
270;Dachdeckerhandwerk;deutschlandweit;"auszubildende Dachdecker";3.;1200;2021-01-01;
291;"Dienstleistungen 3";"Berlin und Brandenburg";;1.;938;2017-01-01;
294;"Dienstleistungen 3";"Berlin und Brandenburg";;2.;996;2017-01-01;
297;"Dienstleistungen 3";"Berlin und Brandenburg";;3.;1059;2017-01-01;
300;"Dienstleistungen 3";"Berlin und Brandenburg";;4.;1102;2017-01-01;
303;Druckindustrie;"deutschlandweit (ohne Brandenburg)";"gewerblich Auszubildende";1.;986.52;2021-08-01;
306;Druckindustrie;"deutschlandweit (ohne Brandenburg)";"gewerblich Auszubildende";2.;1037.65;2021-08-01;
309;Druckindustrie;"deutschlandweit (ohne Brandenburg)";"gewerblich Auszubildende";3.;1088.78;2021-08-01;
312;Druckindustrie;"deutschlandweit (ohne Brandenburg)";"gewerblich Auszubildende";"nach 3.";1139.91;2021-08-01;
315;Druckindustrie;Brandenburg;"gewerblich Auszubildende";1.;735.53;2003-01-01;
318;Druckindustrie;Brandenburg;"gewerblich Auszubildende";2.;786.66;2003-01-01;
321;Druckindustrie;Brandenburg;"gewerblich Auszubildende";3.;837.79;2003-01-01;
324;Druckindustrie;Brandenburg;"gewerblich Auszubildende";"nach 3.";888.92;2003-01-01;
327;Druckindustrie;Berlin;"kaufmännisch/ technisch Auszubildende";1.;986.52;2021-05-01;
330;Druckindustrie;Berlin;"kaufmännisch/ technisch Auszubildende";2.;1037.65;2021-05-01;
333;Druckindustrie;Berlin;"kaufmännisch/ technisch Auszubildende";3.;1088.78;2021-05-01;
336;Druckindustrie;Brandenburg;"kaufmännisch/ technisch Auszubildende";1.;735.53;2002-04-01;
339;Druckindustrie;Brandenburg;"kaufmännisch/ technisch Auszubildende";2.;786.66;2002-04-01;
342;Druckindustrie;Brandenburg;"kaufmännisch/ technisch Auszubildende";3.;837.79;2002-04-01;
345;Einzelhandel;Berlin;"kaufmännisch Auszubildende, Verkäuferin/Verkäufer nur erstes und zweites Ausbildungsjahr";1.;850;2020-09-01;
348;Einzelhandel;Berlin;"kaufmännisch Auszubildende, Verkäuferin/Verkäufer nur erstes und zweites Ausbildungsjahr";2.;940;2020-09-01;
351;Einzelhandel;Berlin;"kaufmännisch Auszubildende, Verkäuferin/Verkäufer nur erstes und zweites Ausbildungsjahr";3.;1060;2020-09-01;
354;Einzelhandel;Brandenburg;"alle Auszubildenden";;850;2020-09-01;
357;Einzelhandel;Brandenburg;"alle Auszubildenden";;940;2020-09-01;
360;Einzelhandel;Brandenburg;"alle Auszubildenden";;1060;2020-09-01;
375;"Eisen- und Stahlindustrie";"neue Bundesländer einschließlich Berlin-Ost";"alle Auszubildenden";1.;980;2020-03-01;
378;"Eisen- und Stahlindustrie";"neue Bundesländer einschließlich Berlin-Ost";"alle Auszubildenden";2.;1029;2020-03-01;
381;"Eisen- und Stahlindustrie";"neue Bundesländer einschließlich Berlin-Ost";"alle Auszubildenden";3.;1102;2020-03-01;
384;"Eisen- und Stahlindustrie";"neue Bundesländer einschließlich Berlin-Ost";"alle Auszubildenden";4.;1197;2020-03-01;
387;"Eisen- und Stahlindustrie";Berlin-West;;;;1970-01-01;"keine tarifvertraglichen Regelungen"
363;"Eisenbahnen, nicht bundeseigene,
und Kraftverkehrsbetriebe";deutschlandweit;"alle Auszubildenden";1.;755.18;2015-08-01;
366;"Eisenbahnen, nicht bundeseigene,
und Kraftverkehrsbetriebe";deutschlandweit;"alle Auszubildenden";2.;821.71;2015-08-01;
369;"Eisenbahnen, nicht bundeseigene,
und Kraftverkehrsbetriebe";deutschlandweit;"alle Auszubildenden";3.;883.59;2015-08-01;
372;"Eisenbahnen, nicht bundeseigene,
und Kraftverkehrsbetriebe";deutschlandweit;"alle Auszubildenden";4.;955.62;2015-08-01;
390;Elektrohandwerk;"Berlin und Brandenburg";"alle Auszubildenden";1.;760;2021-09-01;
393;Elektrohandwerk;"Berlin und Brandenburg";"alle Auszubildenden";2.;855;2021-09-01;
396;Elektrohandwerk;"Berlin und Brandenburg";"alle Auszubildenden";3.;935;2021-09-01;
399;Elektrohandwerk;"Berlin und Brandenburg";"alle Auszubildenden";4.;1030;2021-09-01;
402;"Energie- und Versorgungswirtschaft";"neue Bundesländer und Berlin";"alle Auszubildenden";1.;980;2021-06-01;
405;"Energie- und Versorgungswirtschaft";"neue Bundesländer und Berlin";"alle Auszubildenden";2.;1040;2021-06-01;
408;"Energie- und Versorgungswirtschaft";"neue Bundesländer und Berlin";"alle Auszubildenden";3.;1100;2021-06-01;
411;"Energie- und Versorgungswirtschaft";"neue Bundesländer und Berlin";"alle Auszubildenden";4.;1160;2021-06-01;
414;"Entsorgungsunternehmen, private";deutschlandweit;"alle Auszubildenden";1.;671;2015-04-01;
417;"Entsorgungsunternehmen, private";deutschlandweit;"alle Auszubildenden";2.;726;2015-04-01;
420;"Entsorgungsunternehmen, private";deutschlandweit;"alle Auszubildenden";3.;803;2015-04-01;
423;"Entsorgungsunternehmen, private";deutschlandweit;"alle Auszubildenden";4.;880;2015-04-01;
426;"Erdöl- und Erdgasgewinnungsindustrie 1";"alte Bundesländer einschließlich Berlin-West";"alle Auszubildenden des Tarifbereichs T&B";1.;753;2017-01-01;
429;"Erdöl- und Erdgasgewinnungsindustrie 1";"alte Bundesländer einschließlich Berlin-West";"alle Auszubildenden des Tarifbereichs T&B";2.;874;2017-01-01;
432;"Erdöl- und Erdgasgewinnungsindustrie 1";"alte Bundesländer einschließlich Berlin-West";"alle Auszubildenden des Tarifbereichs T&B";3.;1060;2017-01-01;
435;"Erdöl- und Erdgasgewinnungsindustrie 1";"alte Bundesländer einschließlich Berlin-West";"alle Auszubildenden des Tarifbereichs T&B";4.;1309;2017-01-01;
438;"Erdöl- und Erdgasgewinnungsindustrie 1";"Berlin-Ost und Brandenburg";;;;1970-01-01;"keine tarifvertraglichen Regelungen"
441;"Erdöl- und Erdgasgewinnungsindustrie 2";"alte Bundesländer einschließlich Berlin-West";"alle Auszubildenden";1.;660;2019-01-01;"Dienstleistungsunternehmen in dieser Branche"
444;"Erdöl- und Erdgasgewinnungsindustrie 2";"alte Bundesländer einschließlich Berlin-West";"alle Auszubildenden";2.;770;2019-01-01;"Dienstleistungsunternehmen in dieser Branche"
447;"Erdöl- und Erdgasgewinnungsindustrie 2";"alte Bundesländer einschließlich Berlin-West";"alle Auszubildenden";3.;935;2019-01-01;"Dienstleistungsunternehmen in dieser Branche"
450;"Erdöl- und Erdgasgewinnungsindustrie 2";"alte Bundesländer einschließlich Berlin-West";"alle Auszubildenden";4.;1155;2019-01-01;"Dienstleistungsunternehmen in dieser Branche"
453;"Erdöl- und Erdgasgewinnungsindustrie 2";"Berlin-Ost und Brandenburg";;;;1970-01-01;"keine tarifvertraglichen Regelungen"
456;"Erfrischungsgetränkeindustrie und Getränkefachgroßhandel";"neue Bundesländer und Berlin";"alle Auszubildenden";1.;514.4;2004-12-01;
459;"Erfrischungsgetränkeindustrie und Getränkefachgroßhandel";"neue Bundesländer und Berlin";"alle Auszubildenden";2.;617.92;2004-12-01;
462;"Erfrischungsgetränkeindustrie und Getränkefachgroßhandel";"neue Bundesländer und Berlin";"alle Auszubildenden";3.;728.82;2004-12-01;
465;"Erfrischungsgetränkeindustrie und Getränkefachgroßhandel";"neue Bundesländer und Berlin";"alle Auszubildenden";4.;780.06;2004-12-01;
480;"Feinkeramische Industrie";"neue Bundesländer einschließlich Berlin-Ost";"alle Auszubildenden";1.;801.66;2021-05-01;
483;"Feinkeramische Industrie";"neue Bundesländer einschließlich Berlin-Ost";"alle Auszubildenden";2.;854.03;2021-05-01;
486;"Feinkeramische Industrie";"neue Bundesländer einschließlich Berlin-Ost";"alle Auszubildenden";3.;899.42;2021-05-01;
489;"Feinkeramische Industrie";"neue Bundesländer einschließlich Berlin-Ost";"alle Auszubildenden";4.;944.13;2021-05-01;
492;"Feinkeramische Industrie";"alte Bundesländer";;;;1970-01-01;"s. Fliesenindustrie"
495;"Film und Fernsehen, technische Betriebe";deutschlandweit;"alle Auszubildenden";1.;567.5;2011-01-01;
498;"Film und Fernsehen, technische Betriebe";deutschlandweit;"alle Auszubildenden";2.;661.75;2011-01-01;
501;"Film und Fernsehen, technische Betriebe";deutschlandweit;"alle Auszubildenden";3.;755.75;2011-01-01;
504;"Film und Fernsehen, technische Betriebe";deutschlandweit;"alle Auszubildenden";4.;849.5;2011-01-01;
513;Fliesenindustrie;"alte Bundesländer einschließlich Berlin-West (ohne Baden-Württemberg und Saarland)";"alle Auszubildenden";3.;1093.56;2020-12-01;
516;Fliesenindustrie;"alte Bundesländer einschließlich Berlin-West (ohne Baden-Württemberg und Saarland)";"alle Auszubildenden";4.;1163.73;2020-12-01;
519;Fliesenindustrie;"Berlin-Ost und Brandenburg";;;;1970-01-01;"s. Feinkeramische Industrie"
507;Fliesenindustrie;"alte Bundesländer einschließlich Berlin-West (ohne Baden-Württemberg und Saarland)";"alle Auszubildenden";1.;940.9;2020-12-01;
510;Fliesenindustrie;"alte Bundesländer einschließlich Berlin-West (ohne Baden-Württemberg und Saarland)";"alle Auszubildenden";2.;1001.22;2020-12-01;
522;"Floristik-Fachbetriebe und Blumen- und Kranzbindereien";Berlin;"alle Auszubildenden";1.;335;2004-11-01;
525;"Floristik-Fachbetriebe und Blumen- und Kranzbindereien";Berlin;"alle Auszubildenden";2.;455;2004-11-01;
528;"Floristik-Fachbetriebe und Blumen- und Kranzbindereien";Berlin;"alle Auszubildenden";3.;510;2004-11-01;
531;"Floristik-Fachbetriebe und Blumen- und Kranzbindereien";Brandenburg;"alle Auszubildenden";1.;425;2020-01-01;
534;"Floristik-Fachbetriebe und Blumen- und Kranzbindereien";Brandenburg;"alle Auszubildenden";2.;465;2020-01-01;
537;"Floristik-Fachbetriebe und Blumen- und Kranzbindereien";Brandenburg;"alle Auszubildenden";3.;525;2020-01-01;
540;"Fotolabors, Fotogeschäfte, Kopierbetriebe";deutschlandweit;"alle Auszubildenden";1.;500;2007-06-01;
543;"Fotolabors, Fotogeschäfte, Kopierbetriebe";deutschlandweit;"alle Auszubildenden";2.;562;2007-06-01;
546;"Fotolabors, Fotogeschäfte, Kopierbetriebe";deutschlandweit;"alle Auszubildenden";3.;636;2007-06-01;
549;"Fotomaterial verarbeitende Betriebe";deutschlandweit;"alle Auszubildenden";1.;880;2020-10-01;
552;"Fotomaterial verarbeitende Betriebe";deutschlandweit;"alle Auszubildenden";2.;930;2020-10-01;
555;"Fotomaterial verarbeitende Betriebe";deutschlandweit;"alle Auszubildenden";3.;980;2020-10-01;
558;"Fotomaterial verarbeitende Betriebe";deutschlandweit;"alle Auszubildenden";4.;1030;2020-10-01;
561;Friseurhandwerk;Brandenburg;"alle Auszubildenden";1.;360;2019-08-01;
564;Friseurhandwerk;Brandenburg;"alle Auszubildenden";2.;440;2019-08-01;
567;Friseurhandwerk;Brandenburg;"alle Auszubildenden";3.;510;2019-08-01;
570;"Garagen- und Tankstellengewerbe 1";Berlin-West;"alle Auszubildenden";1.;306.78;1996-01-01;"Regionalabschluss VGT"
573;"Garagen- und Tankstellengewerbe 1";Berlin-West;"alle Auszubildenden";2.;322.11;1996-01-01;"Regionalabschluss VGT"
576;"Garagen- und Tankstellengewerbe 1";Berlin-West;"alle Auszubildenden";3.;411.59;1996-01-01;"Regionalabschluss VGT"
579;"Garagen- und Tankstellengewerbe 1";"Berlin-Ost und Brandenburg";"alle Auszubildenden";1.;291.44;1996-01-01;"Regionalabschluss VGT"
582;"Garagen- und Tankstellengewerbe 1";"Berlin-Ost und Brandenburg";"alle Auszubildenden";2.;306.26;1996-01-01;"Regionalabschluss VGT"
585;"Garagen- und Tankstellengewerbe 1";"Berlin-Ost und Brandenburg";"alle Auszubildenden";3.;391.14;1996-01-01;"Regionalabschluss VGT"
588;"Garagen- und Tankstellengewerbe 2";deutschlandweit;"alle Auszubildenden";1.;460;2004-10-01;"Bundesabschluss VTG"
591;"Garagen- und Tankstellengewerbe 2";deutschlandweit;"alle Auszubildenden";2.;520;2004-10-01;"Bundesabschluss VTG"
594;"Garagen- und Tankstellengewerbe 2";deutschlandweit;"alle Auszubildenden";3.;590;2004-10-01;"Bundesabschluss VTG"
606;"Garten-, Landschafts- und Sportplatzbau";deutschlandweit;"alle Auszubildenden mit 3-jährigem Vertrag";1.;930;2021-09-01;
609;"Garten-, Landschafts- und Sportplatzbau";deutschlandweit;"alle Auszubildenden mit 3-jährigem Vertrag";2.;1030;2021-09-01;
612;"Garten-, Landschafts- und Sportplatzbau";deutschlandweit;"alle Auszubildenden mit 3-jährigem Vertrag";3.;1135;2021-09-01;
621;"Garten-, Landschafts- und Sportplatzbau";deutschlandweit;"alle Auszubildenden mit 2-jährigem Vertrag ab 18 Jahren";1.;900;2020-07-01;
624;"Garten-, Landschafts- und Sportplatzbau";deutschlandweit;"alle Auszubildenden mit 2-jährigem Vertrag ab 18 Jahren";2.;1100;2020-07-01;
627;Gartenbaugewerbe;"Berlin und Brandenburg";"alle Auszubildenden";1.;660;2021-09-01;
630;Gartenbaugewerbe;"Berlin und Brandenburg";"alle Auszubildenden";2.;740;2021-09-01;
633;Gartenbaugewerbe;"Berlin und Brandenburg";"alle Auszubildenden";3.;770;2021-09-01;
636;Gebäudereinigerhandwerk;deutschlandweit;"gewerblich Auszubildende";1.;830;2022-01-01;
639;Gebäudereinigerhandwerk;deutschlandweit;"gewerblich Auszubildende";2.;965;2022-01-01;
642;Gebäudereinigerhandwerk;deutschlandweit;"gewerblich Auszubildende";3.;1125;2022-01-01;
663;Gerüstbauerhandwerk;deutschlandweit;"auszubildende Gerüstbauer";1.;915;2021-10-01;
666;Gerüstbauerhandwerk;deutschlandweit;"auszubildende Gerüstbauer";2.;1135;2021-10-01;
669;Gerüstbauerhandwerk;deutschlandweit;"auszubildende Gerüstbauer";3.;1405;2021-10-01;
672;Gipsindustrie;"neue Bundesländer und Berlin";"kaufmännisch/ technisch Auszubildende";1.;830;2021-01-01;
675;Gipsindustrie;"neue Bundesländer und Berlin";"kaufmännisch/ technisch Auszubildende";2.;890;2021-01-01;
678;Gipsindustrie;"neue Bundesländer und Berlin";"kaufmännisch/ technisch Auszubildende";3.;960;2021-01-01;
681;Gipsindustrie;"neue Bundesländer und Berlin";"kaufmännisch/ technisch Auszubildende";4.;980;2021-01-01;
684;Glaserhandwerk;Berlin;"Auszubildende im Handwerk";1.;550;2017-09-01;
687;Glaserhandwerk;Berlin;"Auszubildende im Handwerk";2.;660;2017-09-01;
690;Glaserhandwerk;Berlin;"Auszubildende im Handwerk";3.;790;2017-09-01;
693;Glaserhandwerk;Brandenburg;;;;1970-01-01;"keine tarifvertraglichen Regelungen"
708;Glasindustrie;"neue Bundesländer einschließlich Berlin-Ost";"alle Auszubildenden";1.;780;2021-04-01;
711;Glasindustrie;"neue Bundesländer einschließlich Berlin-Ost";"alle Auszubildenden";2.;830;2021-04-01;
714;Glasindustrie;"neue Bundesländer einschließlich Berlin-Ost";"alle Auszubildenden";3.;930;2021-04-01;
717;Glasindustrie;"neue Bundesländer einschließlich Berlin-Ost";"alle Auszubildenden";4.;1040;2021-04-01;
696;"Glasindustrie, Flachglas";"alte Bundesländer einschließlich Berlin-West";"alle Auszubildenden";1.;935;2020-08-01;
699;"Glasindustrie, Flachglas";"alte Bundesländer einschließlich Berlin-West";"alle Auszubildenden";2.;985;2020-08-01;
702;"Glasindustrie, Flachglas";"alte Bundesländer einschließlich Berlin-West";"alle Auszubildenden";3.;1080;2020-08-01;
705;"Glasindustrie, Flachglas";"alte Bundesländer einschließlich Berlin-West";"alle Auszubildenden";4.;1145;2020-08-01;
720;"Graveure, Galvaniseure, Metallbildner";"deutschlandweit (ohne Hamburg)";"Auszubildende im Galvaniseur-Handwerk";1.;820;2022-03-01;
723;"Graveure, Galvaniseure, Metallbildner";"deutschlandweit (ohne Hamburg)";"Auszubildende im Galvaniseur-Handwerk";2.;850;2022-03-01;
726;"Graveure, Galvaniseure, Metallbildner";"deutschlandweit (ohne Hamburg)";"Auszubildende im Galvaniseur-Handwerk";3.;910;2022-03-01;
729;"Graveure, Galvaniseure, Metallbildner";"deutschlandweit (ohne Hamburg)";"Metallbildner und Graveure";1.;800;2022-03-01;
732;"Graveure, Galvaniseure, Metallbildner";"deutschlandweit (ohne Hamburg)";"Metallbildner und Graveure";2.;830;2022-03-01;
735;"Graveure, Galvaniseure, Metallbildner";"deutschlandweit (ohne Hamburg)";"Metallbildner und Graveure";3.;890;2022-03-01;
738;"Groß- und/oder Außenhandel und Dienstleistungen";Berlin;"alle Auszubildenden";1.;970.14;2020-09-01;
741;"Groß- und/oder Außenhandel und Dienstleistungen";Berlin;"alle Auszubildenden";2.;1067.17;2020-09-01;
744;"Groß- und/oder Außenhandel und Dienstleistungen";Berlin;"alle Auszubildenden";3.;1162.01;2020-09-01;
747;"Groß- und/oder Außenhandel und Dienstleistungen";Brandenburg;"alle Auszubildenden";1.;953.5;2020-09-01;
750;"Groß- und/oder Außenhandel und Dienstleistungen";Brandenburg;"alle Auszubildenden";2.;1049.41;2020-09-01;
753;"Groß- und/oder Außenhandel und Dienstleistungen";Brandenburg;"alle Auszubildenden";3.;1140.73;2020-09-01;
768;"Heizung – Klima – Sanitär";Brandenburg;"alle Auszubildenden";1.;560;2020-10-01;"je nach Leistungsdurch-schnitt besser als 2,7 gibt es ab dem 1. Ausbildungs-jahr eine monatl. Zulage zw. 40,00 und 100,00 €"
771;"Heizung – Klima – Sanitär";Brandenburg;"alle Auszubildenden";2.;610;2020-10-01;"je nach Leistungsdurch-schnitt besser als 2,7 gibt es ab dem 1. Ausbildungs-jahr eine monatl. Zulage zw. 40,00 und 100,00 €"
774;"Heizung – Klima – Sanitär";Brandenburg;"alle Auszubildenden";3.;660;2020-10-01;"je nach Leistungsdurch-schnitt besser als 2,7 gibt es ab dem 1. Ausbildungs-jahr eine monatl. Zulage zw. 40,00 und 100,00 €"
777;"Heizung – Klima – Sanitär";Brandenburg;"alle Auszubildenden";4.;710;2020-10-01;"je nach Leistungsdurch-schnitt besser als 2,7 gibt es ab dem 1. Ausbildungs-jahr eine monatl. Zulage zw. 40,00 und 100,00 €"
756;"Heizung – Klima – Sanitär";Berlin;"alle Auszubildenden";1.;725;2021-09-01;
759;"Heizung – Klima – Sanitär";Berlin;"alle Auszubildenden";2.;800;2021-09-01;
762;"Heizung – Klima – Sanitär";Berlin;"alle Auszubildenden";3.;850;2021-09-01;
765;"Heizung – Klima – Sanitär";Berlin;"alle Auszubildenden";4.;925;2021-09-01;
780;"Holz und Kunststoffe verarbeitende Industrie";"Berlin und Brandenburg";"alle Auszubildenden";1.;767;2021-07-01;
783;"Holz und Kunststoffe verarbeitende Industrie";"Berlin und Brandenburg";"alle Auszubildenden";2.;818;2021-07-01;
786;"Holz und Kunststoffe verarbeitende Industrie";"Berlin und Brandenburg";"alle Auszubildenden";3.;868;2021-07-01;
789;"Holz und Kunststoffe verarbeitende Industrie";"Berlin und Brandenburg";"alle Auszubildenden";4.;918;2021-07-01;
792;"Hotel- und Gaststättengewerbe";Berlin;"alle Auszubildenden";1.;850;2022-01-01;
795;"Hotel- und Gaststättengewerbe";Berlin;"alle Auszubildenden";2.;1000;2022-01-01;
798;"Hotel- und Gaststättengewerbe";Berlin;"alle Auszubildenden";3.;1100;2022-01-01;
801;"Hotel- und Gaststättengewerbe";Brandenburg;"alle Auszubildenden";1.;700;2019-01-01;
804;"Hotel- und Gaststättengewerbe";Brandenburg;"alle Auszubildenden";2.;800;2019-01-01;
807;"Hotel- und Gaststättengewerbe";Brandenburg;"alle Auszubildenden";3.;950;2019-01-01;
810;Kalksandsteinindustrie;deutschlandweit;"alle Auszubildenden";1.;841;2021-05-01;
813;Kalksandsteinindustrie;deutschlandweit;"alle Auszubildenden";2.;911;2021-05-01;
816;Kalksandsteinindustrie;deutschlandweit;"alle Auszubildenden";3.;1054;2021-05-01;
819;Kalksandsteinindustrie;deutschlandweit;"alle Auszubildenden";4.;1148;2021-05-01;
822;Kautschukindustrie;"Berlin und Brandenburg";"alle Auszubildenden";1.;902;2022-04-01;
825;Kautschukindustrie;"Berlin und Brandenburg";"alle Auszubildenden";2.;970;2022-04-01;
828;Kautschukindustrie;"Berlin und Brandenburg";"alle Auszubildenden";3.;1022;2022-04-01;
831;Kautschukindustrie;"Berlin und Brandenburg";"alle Auszubildenden";4.;1.066;2022-04-01;
834;Kraftfahrzeuggewerbe;Berlin;"alle Auszubildenden";1.;780;2021-08-01;
837;Kraftfahrzeuggewerbe;Berlin;"alle Auszubildenden";2.;800;2021-08-01;
840;Kraftfahrzeuggewerbe;Berlin;"alle Auszubildenden";3.;850;2021-08-01;
843;Kraftfahrzeuggewerbe;Berlin;"alle Auszubildenden";4.;890;2021-08-01;
846;Kraftfahrzeuggewerbe;Brandenburg;"alle Auszubildenden";1.;780;2021-08-01;
849;Kraftfahrzeuggewerbe;Brandenburg;"alle Auszubildenden";2.;800;2021-08-01;
852;Kraftfahrzeuggewerbe;Brandenburg;"alle Auszubildenden";3.;820;2021-08-01;
855;Kraftfahrzeuggewerbe;Brandenburg;"alle Auszubildenden";4.;860;2021-08-01;
858;"Kunststoff verarbeitende Industrie 1
s. auch Holz und Kunststoffe verarbeitende Industrie";"Berlin und Brandenburg";"alle Auszubildenden";1.;792;2021-08-01;"Arbeitgeber- und Wirtschaftsverband Kunststoff verarbeitende Industrie in Berlin und Brandenburg e.V."
861;"Kunststoff verarbeitende Industrie 1
s. auch Holz und Kunststoffe verarbeitende Industrie";"Berlin und Brandenburg";"alle Auszubildenden";2.;848;2021-08-01;"Arbeitgeber- und Wirtschaftsverband Kunststoff verarbeitende Industrie in Berlin und Brandenburg e.V."
864;"Kunststoff verarbeitende Industrie 1
s. auch Holz und Kunststoffe verarbeitende Industrie";"Berlin und Brandenburg";"alle Auszubildenden";3.;910;2021-08-01;"Arbeitgeber- und Wirtschaftsverband Kunststoff verarbeitende Industrie in Berlin und Brandenburg e.V."
867;"Kunststoff verarbeitende Industrie 1
s. auch Holz und Kunststoffe verarbeitende Industrie";"Berlin und Brandenburg";"alle Auszubildenden";4.;972;2021-08-01;"Arbeitgeber- und Wirtschaftsverband Kunststoff verarbeitende Industrie in Berlin und Brandenburg e.V."
870;"Kunststoff verarbeitende Industrie 2
s. auch Holz und Kunststoffe verarbeitende Industrie";"Berlin und Brandenburg";"alle Auszubildenden";1.;801;2020-01-01;"Arbeitgeberverband Nordostchemie e.V., Fachabteilung Kunststoff verarbeitende Industrie"
873;"Kunststoff verarbeitende Industrie 2
s. auch Holz und Kunststoffe verarbeitende Industrie";"Berlin und Brandenburg";"alle Auszubildenden";2.;849;2020-01-01;"Arbeitgeberverband Nordostchemie e.V., Fachabteilung Kunststoff verarbeitende Industrie"
876;"Kunststoff verarbeitende Industrie 2
s. auch Holz und Kunststoffe verarbeitende Industrie";"Berlin und Brandenburg";"alle Auszubildenden";3.;913;2020-01-01;"Arbeitgeberverband Nordostchemie e.V., Fachabteilung Kunststoff verarbeitende Industrie"
879;"Kunststoff verarbeitende Industrie 2
s. auch Holz und Kunststoffe verarbeitende Industrie";"Berlin und Brandenburg";"alle Auszubildenden";4.;981;2020-01-01;"Arbeitgeberverband Nordostchemie e.V., Fachabteilung Kunststoff verarbeitende Industrie"
882;"Lampenschirmindustrie und Wohnraumleuchten- und Zubehörindustrie";deutschlandweit;"alle Auszubildenden";1.;615;2019-03-01;
885;"Lampenschirmindustrie und Wohnraumleuchten- und Zubehörindustrie";deutschlandweit;"alle Auszubildenden";2.;730;2019-03-01;
888;"Lampenschirmindustrie und Wohnraumleuchten- und Zubehörindustrie";deutschlandweit;"alle Auszubildenden";3.;870;2019-03-01;
891;"Lampenschirmindustrie und Wohnraumleuchten- und Zubehörindustrie";deutschlandweit;"alle Auszubildenden";4.;1015;2019-03-01;
894;"Land- und Forstwirtschaft";Brandenburg;"alle Auszubildenden";1.;621;2014-07-01;
897;"Land- und Forstwirtschaft";Brandenburg;"alle Auszubildenden";1.;681;2014-07-01;
900;"Land- und Forstwirtschaft";Brandenburg;"alle Auszubildenden";2.;678.5;2014-07-01;
903;"Land- und Forstwirtschaft";Brandenburg;"alle Auszubildenden";2.;744.5;2014-07-01;
906;"Land- und Forstwirtschaft";Brandenburg;"alle Auszubildenden";3.;741.75;2014-07-01;
909;"Land- und Forstwirtschaft";Brandenburg;"alle Auszubildenden";3.;811.75;2014-07-01;"bei einem Notendurchschnitt von 1,0 bis 2,5 gilt der zweite Wert"
912;"Ländliche Dienstleistungen, Transport und Handel, Agro-Service-Unternehmen";Brandenburg;"alle Auszubildenden von Betrieben des Agroservice und Lohnunternehmerverband Nordost e.V.-LG Brandenburg";1.;575;2016-06-01;"plus leistungs-abhängige Jahresvergütung nach Notendurchschnitt"
915;"Ländliche Dienstleistungen, Transport und Handel, Agro-Service-Unternehmen";Brandenburg;"alle Auszubildenden von Betrieben des Agroservice und Lohnunternehmerverband Nordost e.V.-LG Brandenburg";2.;625;2016-06-01;"plus leistungs-abhängige Jahresvergütung nach Notendurchschnitt"
918;"Ländliche Dienstleistungen, Transport und Handel, Agro-Service-Unternehmen";Brandenburg;"alle Auszubildenden von Betrieben des Agroservice und Lohnunternehmerverband Nordost e.V.-LG Brandenburg";3.;700;2016-06-01;"plus leistungs-abhängige Jahresvergütung nach Notendurchschnitt"
921;Landmaschinenmechanikerhandwerk;Brandenburg;"alle Auszubildenden";1.;570;2019-01-01;"Empfehlung des VLT Brandenburg"
924;Landmaschinenmechanikerhandwerk;Brandenburg;"alle Auszubildenden";2.;620;2019-01-01;"Empfehlung des VLT Brandenburg"
927;Landmaschinenmechanikerhandwerk;Brandenburg;"alle Auszubildenden";3.;670;2019-01-01;"Empfehlung des VLT Brandenburg"
930;Landmaschinenmechanikerhandwerk;Brandenburg;"alle Auszubildenden";4.;720;2019-01-01;"Empfehlung des VLT Brandenburg"
933;"Lederwarenindustrie und Kunststoffwaren- und Kofferindustrie";deutschlandweit;"alle Auszubildenden";1.;880;2021-02-01;
936;"Lederwarenindustrie und Kunststoffwaren- und Kofferindustrie";deutschlandweit;"alle Auszubildenden";2.;920;2021-02-01;
939;"Lederwarenindustrie und Kunststoffwaren- und Kofferindustrie";deutschlandweit;"alle Auszubildenden";3.;950;2021-02-01;
942;"Lederwarenindustrie und Kunststoffwaren- und Kofferindustrie";deutschlandweit;"alle Auszubildenden";4.;1000;2021-02-01;
945;"Maler- und Lackiererhandwerk";deutschlandweit;"alle Auszubildenden";1.;710;2021-08-01;
948;"Maler- und Lackiererhandwerk";deutschlandweit;"alle Auszubildenden";2.;780;2021-08-01;
951;"Maler- und Lackiererhandwerk";deutschlandweit;"alle Auszubildenden";3.;945;2021-08-01;
30;"Medizinische Fachangestellte/Arzthelferinnen";deutschlandweit;"auszubildende Arzthelfer/innen";1.;900;2022-01-01;
33;"Medizinische Fachangestellte/Arzthelferinnen";deutschlandweit;"auszubildende Arzthelfer/innen";2.;965;2022-01-01;
36;"Medizinische Fachangestellte/Arzthelferinnen";deutschlandweit;"auszubildende Arzthelfer/innen";3.;1035;2022-01-01;
978;"Metall- und Elektroindustrie";"Berlin und Brandenburg";"alle Auszubildenden";1.;1005;2018-04-01;
981;"Metall- und Elektroindustrie";"Berlin und Brandenburg";"alle Auszubildenden";2.;1063;2018-04-01;
984;"Metall- und Elektroindustrie";"Berlin und Brandenburg";"alle Auszubildenden";3.;1122;2018-04-01;
987;"Metall- und Elektroindustrie";"Berlin und Brandenburg";"alle Auszubildenden";4.;1177;2018-04-01;
954;Metallhandwerk;Berlin;"alle Auszubildenden";1.;650;2021-01-01;
957;Metallhandwerk;Berlin;"alle Auszubildenden";2.;700;2021-01-01;
960;Metallhandwerk;Berlin;"alle Auszubildenden";3.;800;2021-01-01;
963;Metallhandwerk;Berlin;"alle Auszubildenden";4.;900;2021-01-01;
966;Metallhandwerk;Brandenburg;"alle Auszubildenden";1.;650;2021-01-01;
969;Metallhandwerk;Brandenburg;"alle Auszubildenden";2.;700;2021-01-01;
972;Metallhandwerk;Brandenburg;"alle Auszubildenden";3.;800;2021-01-01;
975;Metallhandwerk;Brandenburg;"alle Auszubildenden";4.;900;2021-01-01;
990;Miederindustrie;deutschlandweit;"alle Auszubildenden";1.;822;2021-03-01;
993;Miederindustrie;deutschlandweit;"alle Auszubildenden";2.;924;2021-03-01;
996;Miederindustrie;deutschlandweit;"alle Auszubildenden";3.;1.056;2021-03-01;
999;Miederindustrie;deutschlandweit;"alle Auszubildenden";4.;1199;2021-03-01;
1002;Milchwirtschaft;"neue Bundesländer und Berlin";"auszubildende Molkereifachleute u. Handwerker + kaufmännisch u. labortechnisch Auszubildende";1.;916.16;2020-10-01;
1005;Milchwirtschaft;"neue Bundesländer und Berlin";"auszubildende Molkereifachleute u. Handwerker + kaufmännisch u. labortechnisch Auszubildende";2.;1004.35;2020-10-01;
1008;Milchwirtschaft;"neue Bundesländer und Berlin";"auszubildende Molkereifachleute u. Handwerker + kaufmännisch u. labortechnisch Auszubildende";3.;1140.95;2020-10-01;
1011;Milchwirtschaft;"neue Bundesländer und Berlin";"auszubildende Molkereifachleute u. Handwerker + kaufmännisch u. labortechnisch Auszubildende";4.;1.22;2020-10-01;
1014;Mineralbrunnenindustrie;"Berlin-Ost und Brandenburg";"alle Auszubildenden";1.;500.78;2005-07-01;
1017;Mineralbrunnenindustrie;"Berlin-Ost und Brandenburg";"alle Auszubildenden";2.;553.58;2005-07-01;
1020;Mineralbrunnenindustrie;"Berlin-Ost und Brandenburg";"alle Auszubildenden";3.;655.22;2005-07-01;
1026;"Mühlenwirtschaft (Getreidemühlen)";"neue Bundesländer einschließlich Berlin-Ost";"alle Auszubildenden";2.;550;2010-02-01;
1029;"Mühlenwirtschaft (Getreidemühlen)";"neue Bundesländer einschließlich Berlin-Ost";"alle Auszubildenden";3.;650;2010-02-01;
1032;"Mühlenwirtschaft (Getreidemühlen)";Berlin-West;;;;1970-01-01;"keine tarifvertraglichen Regelungen"
1023;"Mühlenwirtschaft (Getreidemühlen)";"neue Bundesländer einschließlich Berlin-Ost";"alle Auszubildenden";1.;450;2010-02-01;
1035;Nahrungsfette-Industrie;"alte Bundesländer einschließlich Berlin-West";"gewerblich Auszubildende";1.;700;2014-08-01;
1038;Nahrungsfette-Industrie;"alte Bundesländer einschließlich Berlin-West";"gewerblich Auszubildende";2.;776;2014-08-01;
1041;Nahrungsfette-Industrie;"alte Bundesländer einschließlich Berlin-West";"gewerblich Auszubildende";3.;910;2014-08-01;
1044;Nahrungsfette-Industrie;"alte Bundesländer einschließlich Berlin-West";"gewerblich Auszubildende";4.;1038;2014-08-01;
1047;Nahrungsfette-Industrie;"Berlin-Ost und Brandenburg";;;;1970-01-01;"keine tarifvertraglichen Regelungen"
1050;Omnibusunternehmen;Berlin;;1.;;2019-07-01;"28 v.H. des Entgelts der jeweiligen Facharbeitervergütung"
1053;Omnibusunternehmen;Berlin;;2.;;2019-07-01;"33 v.H. des Entgelts der jeweiligen Facharbeitervergütung"
1056;Omnibusunternehmen;Berlin;;3.;;2019-07-01;"38 v.H. des Entgelts der jeweiligen Facharbeitervergütung"
1059;Omnibusunternehmen;Berlin;;4.;;2019-07-01;"43 v.H. des Entgelts der jeweiligen Facharbeitervergütung"
1062;Orthopädieschuhmacherhandwerk;Berlin;"gewerblich Auszubildende";1.;317;2000-07-01;
1065;Orthopädieschuhmacherhandwerk;Berlin;"gewerblich Auszubildende";2.;373.24;2000-07-01;
1068;Orthopädieschuhmacherhandwerk;Berlin;"gewerblich Auszubildende";3.;414.15;2000-07-01;
1071;Orthopädieschuhmacherhandwerk;Berlin;"gewerblich Auszubildende";4.;452.49;2000-07-01;
1074;"Papier, Pappe und Kunststoffe verarbeitende Industrie";"Berlin und Brandenburg";"alle Auszubildenden";1.;1000;2021-05-01;
1077;"Papier, Pappe und Kunststoffe verarbeitende Industrie";"Berlin und Brandenburg";"alle Auszubildenden";2.;1080;2021-05-01;
1080;"Papier, Pappe und Kunststoffe verarbeitende Industrie";"Berlin und Brandenburg";"alle Auszubildenden";3.;1160;2021-05-01;
1083;"Papier, Pappe und Kunststoffe verarbeitende Industrie";"Berlin und Brandenburg";"alle Auszubildenden";4.;1240;2021-05-01;
1086;"Papier, Pappen, Zellstoff und Holzstoff erzeugende Industrie";"neue Bundesländer einschließlich Berlin-Ost";"alle Auszubildenden";1.;995;2022-03-01;
1089;"Papier, Pappen, Zellstoff und Holzstoff erzeugende Industrie";"neue Bundesländer einschließlich Berlin-Ost";"alle Auszubildenden";2.;1055;2022-03-01;
1092;"Papier, Pappen, Zellstoff und Holzstoff erzeugende Industrie";"neue Bundesländer einschließlich Berlin-Ost";"alle Auszubildenden";3.;1115;2022-03-01;
1095;"Papier, Pappen, Zellstoff und Holzstoff erzeugende Industrie";"neue Bundesländer einschließlich Berlin-Ost";"alle Auszubildenden";4.;1175;2022-03-01;
1098;"Papier, Pappen, Zellstoff und Holzstoff erzeugende Industrie";Berlin-West;;;;1970-01-01;"s. Papier, Pappe und Kunststoffe verarbeitende Industrie"
1101;"Parkettlegerhandwerk und Bodenlegergewerbe";deutschlandweit;"alle Auszubildenden";1.;630;2021-01-01;
1104;"Parkettlegerhandwerk und Bodenlegergewerbe";deutschlandweit;"alle Auszubildenden";2.;680;2021-01-01;
1107;"Parkettlegerhandwerk und Bodenlegergewerbe";deutschlandweit;"alle Auszubildenden";3.;750;2021-01-01;
1119;"Private Hauswirtschaft";deutschlandweit;"hauswirtschaftlich Auszubildende";1.;835.09;2021-04-01;"Abschluss mit Berufsverband Katholischer Arbeitnehmerinnen in der Hauswirtschaft"
1122;"Private Hauswirtschaft";deutschlandweit;"hauswirtschaftlich Auszubildende";2.;899.07;2021-04-01;"Abschluss mit Berufsverband Katholischer Arbeitnehmerinnen in der Hauswirtschaft"
1125;"Private Hauswirtschaft";deutschlandweit;"hauswirtschaftlich Auszubildende";3.;1027.02;2021-04-01;"Abschluss mit Berufsverband Katholischer Arbeitnehmerinnen in der Hauswirtschaft"
1110;"Private Hauswirtschaft / Dienstleistungszentren";"Berlin und Brandenburg";"alle Auszubildenden";1.;860;2021-01-01;"Abschluss des DHB Netzwerk Haushalt, Landesverband Berlin/Brandenburg e.V."
1113;"Private Hauswirtschaft / Dienstleistungszentren";"Berlin und Brandenburg";"alle Auszubildenden";2.;890;2021-01-01;"Abschluss des DHB Netzwerk Haushalt, Landesverband Berlin/Brandenburg e.V."
1116;"Private Hauswirtschaft / Dienstleistungszentren";"Berlin und Brandenburg";"alle Auszubildenden";3.;970;2021-01-01;"Abschluss des DHB Netzwerk Haushalt, Landesverband Berlin/Brandenburg e.V."
1128;"Raumausstatter-, Sattler-, Feintäschnerhandwerk";deutschlandweit;"hauswirtschaftlich Auszubildende";1.;610;2021-08-01;
1131;"Raumausstatter-, Sattler-, Feintäschnerhandwerk";deutschlandweit;"hauswirtschaftlich Auszubildende";2.;700;2021-08-01;
1134;"Raumausstatter-, Sattler-, Feintäschnerhandwerk";deutschlandweit;"hauswirtschaftlich Auszubildende";3.;800;2021-08-01;
1137;"Rechtsanwalts- und Notariatskanzleien";Berlin-West;"dem Kanzleibedarf entsprechende Auszubildende";1.;515;2003-04-01;
1140;"Rechtsanwalts- und Notariatskanzleien";Berlin-West;"dem Kanzleibedarf entsprechende Auszubildende";2.;575;2003-04-01;
1143;"Rechtsanwalts- und Notariatskanzleien";Berlin-West;"dem Kanzleibedarf entsprechende Auszubildende";3.;640;2003-04-01;
1146;"Rechtsanwalts- und Notariatskanzleien";Berlin-Ost;"dem Kanzleibedarf entsprechende Auszubildende";1.;463.5;2003-04-01;
1149;"Rechtsanwalts- und Notariatskanzleien";Berlin-Ost;"dem Kanzleibedarf entsprechende Auszubildende";2.;517.5;2003-04-01;
1152;"Rechtsanwalts- und Notariatskanzleien";Berlin-Ost;"dem Kanzleibedarf entsprechende Auszubildende";3.;576;2003-04-01;
1155;"Rechtsanwalts- und Notariatskanzleien";Brandenburg;;;;1970-01-01;"keine tarifvertraglichen Regelungen"
1158;"Reisebüros und Reiseveranstalter";deutschlandweit;"der Branche entsprechende Auszubildende";1.;797;2018-10-01;
1161;"Reisebüros und Reiseveranstalter";deutschlandweit;"der Branche entsprechende Auszubildende";2.;908;2018-10-01;
1164;"Reisebüros und Reiseveranstalter";deutschlandweit;"der Branche entsprechende Auszubildende";3.;1052;2018-10-01;
1167;"Reit- und Fahrttouristik, Pferdepensionen, Reiterhöfe u. ä.";Brandenburg;"alle Auszubildenden";1.;621;2018-09-01;"ETV der Land- und Forstwirtschaft"
1170;"Reit- und Fahrttouristik, Pferdepensionen, Reiterhöfe u. ä.";Brandenburg;"alle Auszubildenden";1.;681;2018-09-01;"Bei einem Notendurchschnitt von 1,0 bis 2,5 gilt der zweite Wert; ETV der Land- und Forstwirtschaft"
1173;"Reit- und Fahrttouristik, Pferdepensionen, Reiterhöfe u. ä.";Brandenburg;"alle Auszubildenden";2.;678.5;2018-09-01;"ETV der Land- und Forstwirtschaft"
1176;"Reit- und Fahrttouristik, Pferdepensionen, Reiterhöfe u. ä.";Brandenburg;"alle Auszubildenden";2.;744.5;2018-09-01;"Bei einem Notendurchschnitt von 1,0 bis 2,5 gilt der zweite Wert; ETV der Land- und Forstwirtschaft"
1179;"Reit- und Fahrttouristik, Pferdepensionen, Reiterhöfe u. ä.";Brandenburg;"alle Auszubildenden";3.;741.75;2018-09-01;"ETV der Land- und Forstwirtschaft"
1182;"Reit- und Fahrttouristik, Pferdepensionen, Reiterhöfe u. ä.";Brandenburg;"alle Auszubildenden";3.;811.75;2018-09-01;"Bei einem Notendurchschnitt von 1,0 bis 2,5 gilt der zweite Wert; ETV der Land- und Forstwirtschaft"
1209;"Sand-, Kiesindustrie und Splitt-, Mörtel- und Transportbetonindustrie";"neue Bundesländer und Berlin";"alle Auszubildenden";1.;828;2021-09-01;
1212;"Sand-, Kiesindustrie und Splitt-, Mörtel- und Transportbetonindustrie";"neue Bundesländer und Berlin";"alle Auszubildenden";2.;897;2021-09-01;
1215;"Sand-, Kiesindustrie und Splitt-, Mörtel- und Transportbetonindustrie";"neue Bundesländer und Berlin";"alle Auszubildenden";3.;1104;2021-09-01;
1218;"Sand-, Kiesindustrie und Splitt-, Mörtel- und Transportbetonindustrie";"neue Bundesländer und Berlin";"alle Auszubildenden";4.;1173;2021-09-01;
1221;Säureschutzindustrie;"alte Bundesländer einschließlich Berlin-West";"alle Auszubildenden";1.;910;2020-09-01;"Feuerfest-, Säureschutz-, Ton- und Schamotte-Industrie"
1224;Säureschutzindustrie;"alte Bundesländer einschließlich Berlin-West";"alle Auszubildenden";2.;980;2020-09-01;"Feuerfest-, Säureschutz-, Ton- und Schamotte-Industrie"
1227;Säureschutzindustrie;"alte Bundesländer einschließlich Berlin-West";"alle Auszubildenden";3.;1060;2020-09-01;"Feuerfest-, Säureschutz-, Ton- und Schamotte-Industrie"
1230;Säureschutzindustrie;"alte Bundesländer einschließlich Berlin-West";"alle Auszubildenden";4.;1130;2020-09-01;"Feuerfest-, Säureschutz-, Ton- und Schamotte-Industrie"
1233;Säureschutzindustrie;"Berlin-Ost und Brandenburg";;;;1970-01-01;"keine tarifvertraglichen Regelungen"
1236;"Schilder- und Lichtreklameherstellerhandwerk";deutschlandweit;"Auszubildende im Handwerk";1.;650;2018-10-01;
1239;"Schilder- und Lichtreklameherstellerhandwerk";deutschlandweit;"Auszubildende im Handwerk";2.;700;2018-10-01;
1242;"Schilder- und Lichtreklameherstellerhandwerk";deutschlandweit;"Auszubildende im Handwerk";3.;800;2018-10-01;
1245;Schornsteinfegerhandwerk;deutschlandweit;"Auszubildende zum Schornsteinfeger";1.;640;2021-01-01;
1248;Schornsteinfegerhandwerk;deutschlandweit;"Auszubildende zum Schornsteinfeger";2.;710;2021-01-01;
1251;Schornsteinfegerhandwerk;deutschlandweit;"Auszubildende zum Schornsteinfeger";3.;810;2021-01-01;
1254;"Schrott- und Industrieabbruchbetriebe / Schrott-Recycling-Wirtschaft;
s. auch Abbruch- und Abwrackbetriebe";"neue Bundesländer einschließlich Berlin-Ost";"alle Auszubildenden";1.;986.81;2021-07-01;
1257;"Schrott- und Industrieabbruchbetriebe / Schrott-Recycling-Wirtschaft;
s. auch Abbruch- und Abwrackbetriebe";"neue Bundesländer einschließlich Berlin-Ost";"alle Auszubildenden";2.;1026.94;2021-07-01;
1260;"Schrott- und Industrieabbruchbetriebe / Schrott-Recycling-Wirtschaft;
s. auch Abbruch- und Abwrackbetriebe";"neue Bundesländer einschließlich Berlin-Ost";"alle Auszubildenden";3.;1093.83;2021-07-01;
1263;"Schrott- und Industrieabbruchbetriebe / Schrott-Recycling-Wirtschaft;
s. auch Abbruch- und Abwrackbetriebe";"neue Bundesländer einschließlich Berlin-Ost";"alle Auszubildenden";4.;1151.45;2021-07-01;
1266;"Schrott- und Industrieabbruchbetriebe / Schrott-Recycling-Wirtschaft;
s. auch Abbruch- und Abwrackbetriebe";Berlin-West;;;;1970-01-01;"keine tarifvertraglichen Regelungen"
1269;Schuhindustrie;deutschlandweit;"gewerbliche und kaufmännische Auszubildende";1.;860;2021-01-01;
1272;Schuhindustrie;deutschlandweit;"gewerbliche und kaufmännische Auszubildende";2.;890;2021-01-01;
1275;Schuhindustrie;deutschlandweit;"gewerbliche und kaufmännische Auszubildende";3.;980;2021-01-01;
1281;Schuhmacherhandwerk;Berlin;"gewerblich Auszubildende";2.;520;2019-01-01;"Empfehlung des Zentralverbandes"
1284;Schuhmacherhandwerk;Berlin;"gewerblich Auszubildende";3.;640;2019-01-01;"Empfehlung des Zentralverbandes"
1287;Schuhmacherhandwerk;Brandenburg;"Auszubildende im Handwerk";1.;410;2019-01-01;"Empfehlung des Zentralverbandes"
1290;Schuhmacherhandwerk;Brandenburg;"Auszubildende im Handwerk";2.;520;2019-01-01;"Empfehlung des Zentralverbandes"
1293;Schuhmacherhandwerk;Brandenburg;"Auszubildende im Handwerk";3.;640;2019-01-01;"Empfehlung des Zentralverbandes"
1278;Schuhmacherhandwerk;Berlin;"gewerblich Auszubildende";1.;410;2019-01-01;"Empfehlung des Zentralverbandes"
1296;"Speditionsgewerbe, Lagerei, Hafenumschlag, Schifffahrt, Kühlhaus- u. Speicherbetriebe;
s. auch Kühlhäuser und angeschlossene Logistikbetriebe";Berlin;"alle Auszubildenden";1.;750;2021-01-01;
1299;"Speditionsgewerbe, Lagerei, Hafenumschlag, Schifffahrt, Kühlhaus- u. Speicherbetriebe;
s. auch Kühlhäuser und angeschlossene Logistikbetriebe";Berlin;"alle Auszubildenden";2.;810;2021-01-01;
1302;"Speditionsgewerbe, Lagerei, Hafenumschlag, Schifffahrt, Kühlhaus- u. Speicherbetriebe;
s. auch Kühlhäuser und angeschlossene Logistikbetriebe";Berlin;"alle Auszubildenden";3.;870;2021-01-01;
1305;"Speditionsgewerbe, Lagerei, Hafenumschlag, Schifffahrt, Kühlhaus- u. Speicherbetriebe;
s. auch Kühlhäuser und angeschlossene Logistikbetriebe";Brandenburg;"alle Auszubildenden";1.;750;2021-01-01;
1308;"Speditionsgewerbe, Lagerei, Hafenumschlag, Schifffahrt, Kühlhaus- u. Speicherbetriebe;
s. auch Kühlhäuser und angeschlossene Logistikbetriebe";Brandenburg;"alle Auszubildenden";2.;810;2021-01-01;
1311;"Speditionsgewerbe, Lagerei, Hafenumschlag, Schifffahrt, Kühlhaus- u. Speicherbetriebe;
s. auch Kühlhäuser und angeschlossene Logistikbetriebe";Brandenburg;"alle Auszubildenden";3.;870;2021-01-01;
1314;Stärkeindustrie;"Brandenburg (und Niedersachsen)";"alle Auszubildenden";1.;821;2020-08-01;"Kartoffel- und/oder Getreidestärke und deren Derivate, Kartoffelverarbeitung"
1317;Stärkeindustrie;"Brandenburg (und Niedersachsen)";"alle Auszubildenden";2.;893;2020-08-01;"Kartoffel- und/oder Getreidestärke und deren Derivate, Kartoffelverarbeitung"
1320;Stärkeindustrie;"Brandenburg (und Niedersachsen)";"alle Auszubildenden";3.;971;2020-08-01;"Kartoffel- und/oder Getreidestärke und deren Derivate, Kartoffelverarbeitung"
1323;Stärkeindustrie;"Brandenburg (und Niedersachsen)";"alle Auszubildenden";4.;1047;2020-08-01;"Kartoffel- und/oder Getreidestärke und deren Derivate, Kartoffelverarbeitung"
1326;Stärkeindustrie;Berlin;;;;1970-01-01;"keine tarifvertraglichen Regelungen"
1329;"Steinmetz- und Steinbildhauerhandwerk";BRD;"Auszubildende im Handwerk";1.;850;2021-08-01;
1332;"Steinmetz- und Steinbildhauerhandwerk";BRD;"Auszubildende im Handwerk";2.;950;2021-08-01;
1335;"Steinmetz- und Steinbildhauerhandwerk";BRD;"Auszubildende im Handwerk";3.;1100;2021-08-01;
1338;Süßwarenindustrie;Berlin-West;"alle Auszubildenden";1.;935;2020-07-01;
1341;Süßwarenindustrie;Berlin-West;"alle Auszubildenden";2.;1060;2020-07-01;
1344;Süßwarenindustrie;Berlin-West;"alle Auszubildenden";3.;1209;2020-07-01;
1347;Süßwarenindustrie;Berlin-West;"alle Auszubildenden";4.;1291;2020-07-01;
1350;Süßwarenindustrie;"Berlin-Ost und Brandenburg";"alle Auszubildenden";1.;862;2021-02-01;
1353;Süßwarenindustrie;"Berlin-Ost und Brandenburg";"alle Auszubildenden";2.;978;2021-02-01;
1356;Süßwarenindustrie;"Berlin-Ost und Brandenburg";"alle Auszubildenden";3.;1089;2021-02-01;
1359;Süßwarenindustrie;"Berlin-Ost und Brandenburg";"alle Auszubildenden";4.;1175;2021-02-01;
1362;"Systemgastronomie 1";deutschlandweit;"alle Auszubildenden";1.;901;2022-01-01;"Abschluss des Bundesverbandes der Systemgastronomie"
1365;"Systemgastronomie 1";deutschlandweit;"alle Auszubildenden";2.;1006;2022-01-01;"Abschluss des Bundesverbandes der Systemgastronomie"
1368;"Systemgastronomie 1";deutschlandweit;"alle Auszubildenden";3.;1123;2022-01-01;"Abschluss des Bundesverbandes der Systemgastronomie"
1371;"Systemgastronomie 2";deutschlandweit;"alle Auszubildenden";1.;710;2018-09-01;"Abschluss des Deutschen Hotel- u. Gaststättenverbandes (DEHOGA)"
1374;"Systemgastronomie 2";deutschlandweit;"alle Auszubildenden";2.;770;2018-09-01;"Abschluss des Deutschen Hotel- u. Gaststättenverbandes (DEHOGA)"
1377;"Systemgastronomie 2";deutschlandweit;"alle Auszubildenden";3.;840;2018-09-01;"Abschluss des Deutschen Hotel- u. Gaststättenverbandes (DEHOGA)"
1389;Tankstellen;"u.a. Berlin und Brandenburg";Tankwart/Verkäufer;1.;738;2017-09-01;"Abschluss zwischen dem Genossenschaftlichen Arbeitgeberverband Norddeutschland e. V. und der DHV (Raiffeisen-Warengenossenschaften)"
1392;Tankstellen;"u.a. Berlin und Brandenburg";Tankwart/Verkäufer;2.;754;2017-09-01;"Abschluss zwischen dem Genossenschaftlichen Arbeitgeberverband Norddeutschland e. V. und der DHV (Raiffeisen-Warengenossenschaften)"
1395;Tapetenindustrie;deutschlandweit;"gewerblich Auszubildende";1.;1000;2021-05-01;
1398;Tapetenindustrie;deutschlandweit;"gewerblich Auszubildende";2.;1080;2021-05-01;
1401;Tapetenindustrie;deutschlandweit;"gewerblich Auszubildende";3.;1160;2021-05-01;
1404;Tapetenindustrie;deutschlandweit;"gewerblich Auszubildende";4.;1240;2021-05-01;
1407;"Technische Textilien, Konfektion, Sackfabriken, Arbeitsschutzartikelhersteller";deutschlandweit;"alle Auszubildenden";1.;720;2019-07-01;
1410;"Technische Textilien, Konfektion, Sackfabriken, Arbeitsschutzartikelhersteller";deutschlandweit;"alle Auszubildenden";2.;800;2019-07-01;
1413;"Technische Textilien, Konfektion, Sackfabriken, Arbeitsschutzartikelhersteller";deutschlandweit;"alle Auszubildenden";3.;902;2019-07-01;
1416;"Technische Textilien, Konfektion, Sackfabriken, Arbeitsschutzartikelhersteller";deutschlandweit;"alle Auszubildenden";4.;1006;2019-07-01;
1419;Textilindustrie;Berlin-West;"alle Auszubildenden";1.;836;2020-09-01;
1422;Textilindustrie;Berlin-West;"alle Auszubildenden";2.;899;2020-09-01;
1425;Textilindustrie;Berlin-West;"alle Auszubildenden";3.;988;2020-09-01;
1428;Textilindustrie;Berlin-West;"alle Auszubildenden";4.;1.102;2020-09-01;
1431;Textilindustrie;"neue Bundesländer einschließlich Berlin-Ost";"alle Auszubildenden";1.;820;2021-08-01;
1434;Textilindustrie;"neue Bundesländer einschließlich Berlin-Ost";"alle Auszubildenden";2.;875;2021-08-01;
1437;Textilindustrie;"neue Bundesländer einschließlich Berlin-Ost";"alle Auszubildenden";3.;925;2021-08-01;
1440;Textilindustrie;"neue Bundesländer einschließlich Berlin-Ost";"alle Auszubildenden";4.;980;2021-08-01;
1443;Textilreinigung;"Berlin und Brandenburg";"alle Auszubildenden";1.;720;2021-02-01;
1446;Textilreinigung;"Berlin und Brandenburg";"alle Auszubildenden";2.;780;2021-02-01;
1449;Textilreinigung;"Berlin und Brandenburg";"alle Auszubildenden";3.;850;2021-02-01;
1452;Textilreinigung;"Berlin und Brandenburg";"alle Auszubildenden";4.;980;2021-02-01;
1455;"Tierarzthelferinnen und Tierarzthelfer";deutschlandweit;"auszubildende Tierarzthelferinnen und Tierarzthelfer";1.;700;2020-01-01;
1458;"Tierarzthelferinnen und Tierarzthelfer";deutschlandweit;"auszubildende Tierarzthelferinnen und Tierarzthelfer";2.;750;2020-01-01;
1461;"Tierarzthelferinnen und Tierarzthelfer";deutschlandweit;"auszubildende Tierarzthelferinnen und Tierarzthelfer";3.;800;2020-01-01;
1464;Tischlerhandwerk;Berlin;"alle Auszubildenden";1.;650;2021-09-01;
1467;Tischlerhandwerk;Berlin;"alle Auszubildenden";2.;770;2021-09-01;
1470;Tischlerhandwerk;Berlin;"alle Auszubildenden";3.;950;2021-09-01;
1473;Tischlerhandwerk;Brandenburg;"alle Auszubildenden";1.;566;2019-01-01;
1476;Tischlerhandwerk;Brandenburg;"alle Auszubildenden";2.;701;2019-01-01;
1479;Tischlerhandwerk;Brandenburg;"alle Auszubildenden";3.;860;2019-01-01;
1482;"Umweltschutz und Industrieanlagenservice, Reinigung und Sanierung
(ohne Bau und Gebäudereinigerhandwerk)";deutschlandweit;"alle Auszubildenden";1.;751;2021-04-01;
1485;"Umweltschutz und Industrieanlagenservice, Reinigung und Sanierung
(ohne Bau und Gebäudereinigerhandwerk)";deutschlandweit;"alle Auszubildenden";2.;901;2021-04-01;
1488;"Umweltschutz und Industrieanlagenservice, Reinigung und Sanierung
(ohne Bau und Gebäudereinigerhandwerk)";deutschlandweit;"alle Auszubildenden";3.;1126;2021-04-01;
1491;"Umweltschutz und Industrieanlagenservice, Reinigung und Sanierung
(ohne Bau und Gebäudereinigerhandwerk)";deutschlandweit;"alle Auszubildenden";4.;1351;2021-04-01;
1494;"Versicherungsgewerbe, privates";deutschlandweit;"kaufmännisch Auszubildende";1.;1070;2021-06-01;"Abschluss des Arbeitgeberverbandes der Versicherungsunternehmen in Deutschland"
1497;"Versicherungsgewerbe, privates";deutschlandweit;"kaufmännisch Auszubildende";2.;1145;2021-06-01;"Abschluss des Arbeitgeberverbandes der Versicherungsunternehmen in Deutschland"
1500;"Versicherungsgewerbe, privates";deutschlandweit;"kaufmännisch Auszubildende";3.;1230;2021-06-01;"Abschluss des Arbeitgeberverbandes der Versicherungsunternehmen in Deutschland"
1503;"Versicherungsvermittlergewerbe 1";deutschlandweit;"kaufmännisch Auszubildende";1.;671;2014-06-01;"Abschluss des Bundesverbandes Deutscher Versicherungskaufleute"
1506;"Versicherungsvermittlergewerbe 1";deutschlandweit;"kaufmännisch Auszubildende";2.;729;2014-06-01;"Abschluss des Bundesverbandes Deutscher Versicherungskaufleute"
1509;"Versicherungsvermittlergewerbe 1";deutschlandweit;"kaufmännisch Auszubildende";3.;797;2014-06-01;"Abschluss des Bundesverbandes Deutscher Versicherungskaufleute"
1512;"Versicherungsvermittlergewerbe 2";deutschlandweit;"kaufmännisch Auszubildende";1.;755;2020-05-01;"Abschluss des Bundesverbandes der Assekuranzführungskräfte"
1515;"Versicherungsvermittlergewerbe 2";deutschlandweit;"kaufmännisch Auszubildende";2.;844;2020-05-01;"Abschluss des Bundesverbandes der Assekuranzführungskräfte"
1518;"Versicherungsvermittlergewerbe 2";deutschlandweit;"kaufmännisch Auszubildende";3.;928;2020-05-01;"Abschluss des Bundesverbandes der Assekuranzführungskräfte"
1536;"Wach- und Sicherheitsgewerbe";Brandenburg;"alle Auszubildenden";3.;900;2022-01-01;
1521;"Wach- und Sicherheitsgewerbe";Berlin;"alle Auszubildenden";1.;700;2022-01-01;
1524;"Wach- und Sicherheitsgewerbe";Berlin;"alle Auszubildenden";2.;800;2022-01-01;
1527;"Wach- und Sicherheitsgewerbe";Berlin;"alle Auszubildenden";3.;900;2022-01-01;
1530;"Wach- und Sicherheitsgewerbe";Brandenburg;"alle Auszubildenden";1.;700;2022-01-01;
1533;"Wach- und Sicherheitsgewerbe";Brandenburg;"alle Auszubildenden";2.;800;2022-01-01;
1539;Wäschereigewerbe;"alte Bundesländer einschließlich Berlin-West";"alle Auszubildenden";1.;750;2021-03-01;"Betriebe mit mehr als 15 Arbeitnehmern, die Objektgeschäfte ausführen,
Abschluss mit dem Industrieverband Textil Service – intex – e.V., Textile Dienstleistungen"
1542;Wäschereigewerbe;"alte Bundesländer einschließlich Berlin-West";"alle Auszubildenden";2.;820;2021-03-01;"Betriebe mit mehr als 15 Arbeitnehmern, die Objektgeschäfte ausführen,
Abschluss mit dem Industrieverband Textil Service – intex – e.V., Textile Dienstleistungen"
1545;Wäschereigewerbe;"alte Bundesländer einschließlich Berlin-West";"alle Auszubildenden";3.;900;2021-03-01;"Betriebe mit mehr als 15 Arbeitnehmern, die Objektgeschäfte ausführen,
Abschluss mit dem Industrieverband Textil Service – intex – e.V., Textile Dienstleistungen"
1548;Wäschereigewerbe;"alte Bundesländer einschließlich Berlin-West";"alle Auszubildenden";4.;1000;2021-03-01;"Betriebe mit mehr als 15 Arbeitnehmern, die Objektgeschäfte ausführen,
Abschluss mit dem Industrieverband Textil Service – intex – e.V., Textile Dienstleistungen"
1551;Wäschereigewerbe;"neue Bundesländer einschließlich Berlin-Ost";"alle Auszubildenden";1.;750;2021-03-01;"Betriebe mit mehr als 15 Arbeitnehmern, die Objektgeschäfte ausführen,
Abschluss mit dem Industrieverband Textil Service – intex – e.V., Textile Dienstleistungen"
1554;Wäschereigewerbe;"neue Bundesländer einschließlich Berlin-Ost";"alle Auszubildenden";2.;820;2021-03-01;"Betriebe mit mehr als 15 Arbeitnehmern, die Objektgeschäfte ausführen,
Abschluss mit dem Industrieverband Textil Service – intex – e.V., Textile Dienstleistungen"
1557;Wäschereigewerbe;"neue Bundesländer einschließlich Berlin-Ost";"alle Auszubildenden";3.;900;2021-03-01;"Betriebe mit mehr als 15 Arbeitnehmern, die Objektgeschäfte ausführen,
Abschluss mit dem Industrieverband Textil Service – intex – e.V., Textile Dienstleistungen"
1560;Wäschereigewerbe;"neue Bundesländer einschließlich Berlin-Ost";"alle Auszubildenden";4.;1000;2021-03-01;"Betriebe mit mehr als 15 Arbeitnehmern, die Objektgeschäfte ausführen,
Abschluss mit dem Industrieverband Textil Service – intex – e.V., Textile Dienstleistungen"
1563;"Wohnungs- und Immobilienwirtschaft";deutschlandweit;"alle Auszubildenden";1.;1020;2021-11-01;
1566;"Wohnungs- und Immobilienwirtschaft";deutschlandweit;"alle Auszubildenden";2.;1130;2021-11-01;
1569;"Wohnungs- und Immobilienwirtschaft";deutschlandweit;"alle Auszubildenden";3.;1240;2021-11-01;
1572;"Zahnmedizische Fachangestellte/Zahnarzthelferinnen";Berlin;"auszubildende Zahnarzthelferinnen und Zahnarzthelfer";1.;800;2018-02-01;"Empfehlung der Zahnärztekammer Berlin"
1575;"Zahnmedizische Fachangestellte/Zahnarzthelferinnen";Berlin;"auszubildende Zahnarzthelferinnen und Zahnarzthelfer";2.;840;2018-02-01;"Empfehlung der Zahnärztekammer Berlin"
1578;"Zahnmedizische Fachangestellte/Zahnarzthelferinnen";Berlin;"auszubildende Zahnarzthelferinnen und Zahnarzthelfer";3.;900;2018-02-01;"Empfehlung der Zahnärztekammer Berlin"
1581;"Zahnmedizische Fachangestellte/Zahnarzthelferinnen";Brandenburg;;;;1970-01-01;"keine tarifvertraglichen Regelungen"
1620;"Zeitarbeit 4";BRD;"alle Auszubildenden";1.;800;2017-08-01;"Abschluss der Tarifgemeinschaft qualitätsorientierter Zeitarbeitsunternehmer"
1623;"Zeitarbeit 4";BRD;"alle Auszubildenden";2.;880;2017-08-01;"Abschluss der Tarifgemeinschaft qualitätsorientierter Zeitarbeitsunternehmer"
1626;"Zeitarbeit 4";BRD;"alle Auszubildenden";3.;950;2017-08-01;"Abschluss der Tarifgemeinschaft qualitätsorientierter Zeitarbeitsunternehmer"
1629;"Zeitarbeit 4";BRD;"alle Auszubildenden";4.;1040;2017-08-01;"Abschluss der Tarifgemeinschaft qualitätsorientierter Zeitarbeitsunternehmer"
1632;"Zement- und Baustoffindustrie";"neue Bundesländer und Berlin";"alle Auszubildenden";1.;880;2020-06-01;
1635;"Zement- und Baustoffindustrie";"neue Bundesländer und Berlin";"alle Auszubildenden";2.;960;2020-06-01;
1638;"Zement- und Baustoffindustrie";"neue Bundesländer und Berlin";"alle Auszubildenden";3.;1030;2020-06-01;
1641;"Zement- und Baustoffindustrie";"neue Bundesländer und Berlin";"alle Auszubildenden";4.;1110;2020-06-01;
1644;Ziegelindustrie;"neue Bundesländer einschließlich Berlin-Ost";"alle Auszubildenden";1.;838;2021-01-01;
1647;Ziegelindustrie;"neue Bundesländer einschließlich Berlin-Ost";"alle Auszubildenden";2.;960;2021-01-01;
1650;Ziegelindustrie;"neue Bundesländer einschließlich Berlin-Ost";"alle Auszubildenden";3.;1049;2021-01-01;
1653;Ziegelindustrie;"neue Bundesländer einschließlich Berlin-Ost";"alle Auszubildenden";4.;1123;2021-01-01;
1656;Ziegelindustrie;Berlin-West;;;;1970-01-01;"keine tarifvertraglichen Regelungen"
1659;Zigarettenindustrie;deutschlandweit;"alle Auszubildenden";1.;971;2020-06-01;
1662;Zigarettenindustrie;deutschlandweit;"alle Auszubildenden";2.;1100;2020-06-01;
1665;Zigarettenindustrie;deutschlandweit;"alle Auszubildenden";3.;1253;2020-06-01;
1668;Zigarettenindustrie;deutschlandweit;"alle Auszubildenden";4.;1402;2020-06-01;
1671;Zigarrenindustrie;"neue Bundesländer einschließlich Berlin-Ost";"alle Auszubildenden";1.;803;2021-07-01;
1674;Zigarrenindustrie;"neue Bundesländer einschließlich Berlin-Ost";"alle Auszubildenden";2.;885;2021-07-01;
1677;Zigarrenindustrie;"neue Bundesländer einschließlich Berlin-Ost";"alle Auszubildenden";3.;966;2021-07-01;
1680;Zigarrenindustrie;"neue Bundesländer einschließlich Berlin-Ost";"alle Auszubildenden";4.;1048.5;2021-07-01;
1683;Zigarrenindustrie;"alte Bundesländer einschließlich Berlin-West";"alle Auszubildenden";1.;803;2021-07-01;
1686;Zigarrenindustrie;"alte Bundesländer einschließlich Berlin-West";"alle Auszubildenden";2.;885;2021-07-01;
1689;Zigarrenindustrie;"alte Bundesländer einschließlich Berlin-West";"alle Auszubildenden";3.;966;2021-07-01;
1692;Zigarrenindustrie;"alte Bundesländer einschließlich Berlin-West";"alle Auszubildenden";4.;1048.5;2021-07-01;
1695;Zuckerindustrie;deutschlandweit;"alle Auszubildenden";1.;960;2021-04-01;
1698;Zuckerindustrie;deutschlandweit;"alle Auszubildenden";2.;1060;2021-04-01;
1701;Zuckerindustrie;deutschlandweit;"alle Auszubildenden";3.;1155;2021-04-01;
1704;Zuckerindustrie;deutschlandweit;"alle Auszubildenden";4.;1243;2021-04-01;
